transcript_id,transcript_position,score
tx_id_3,1600,0.027612660291070644
tx_id_2,1010,0.4244479260872411
tx_id_1,510,0.7880972171423727
tx_id_2,440,0.17477192753068907
tx_id_0,490,0.375871359611699
tx_id_1,1020,0.3241034234333233
tx_id_4,1170,0.19563813130370353
tx_id_5,490,0.4383389112332362
tx_id_3,0,0.20083400785435035
tx_id_2,1710,0.40934978658699994
tx_id_3,570,0.08224788051586467
tx_id_3,480,0.08292724980611188
tx_id_4,1300,0.06970491793551459
tx_id_1,1610,0.14218540766411056
tx_id_2,350,0.33753293849155297
tx_id_5,1200,0.06392457852015476
tx_id_1,1270,0.2814806702422588
tx_id_6,910,0.08680760818856206
tx_id_2,470,0.05746064663622309
tx_id_4,160,0.312071149869029
tx_id_6,1730,0.06546899688072629
tx_id_5,770,0.22368325422015406
tx_id_3,1410,0.1706665664742215
tx_id_0,1010,0.41251141909697775
tx_id_1,1000,0.3134852951060132
tx_id_4,270,0.08339011052659495
tx_id_0,630,0.19970550973780352
tx_id_0,510,0.774937085390142
tx_id_5,1090,0.6423159679730379
tx_id_1,650,0.5176920768320864
tx_id_4,1330,0.3303694342216086
tx_id_3,770,0.0959106871171979
tx_id_3,1390,0.2880986025603226
tx_id_1,1820,0.38376440905853876
tx_id_1,1550,0.714462730489859
tx_id_2,1820,0.346709018071948
tx_id_1,1850,0.016927354158539056
tx_id_2,800,0.21354407709791037
tx_id_1,420,0.17191214453039041
tx_id_2,1190,0.6437940162059875
tx_id_2,1500,0.39570548077973366
tx_id_6,600,0.09908840388633595
tx_id_2,890,0.22102745411585478
tx_id_0,760,0.22639643311292795
tx_id_1,30,0.5296566662687267
tx_id_0,1750,0.7791277267659036
tx_id_6,630,0.37842830240299496
tx_id_1,1330,0.3197009895953369
tx_id_0,440,0.1847902299297319
tx_id_3,820,0.47108371256863163
tx_id_3,110,0.05430693383132399
tx_id_2,860,0.08342680697320413
tx_id_6,1000,0.2578113281192258
tx_id_2,840,0.07393739806418283
tx_id_2,520,0.05367058312051002
tx_id_5,1280,0.34345243494983063
tx_id_6,1470,0.2471065008850203
tx_id_0,780,0.06666611815888394
tx_id_0,1840,0.062046365068100254
tx_id_1,500,0.28938944731107324
tx_id_3,980,0.07930309813196942
tx_id_4,360,0.41842895411348824
tx_id_2,1760,0.46579675864978753
tx_id_5,1610,0.3510387337146304
tx_id_3,180,0.41373191854090363
tx_id_1,810,0.11068850767179626
tx_id_5,1880,0.14536157940153793
tx_id_3,1060,0.37919094007514415
tx_id_3,620,0.5827613727613091
tx_id_4,700,0.4046423053533318
tx_id_2,1350,0.7020775488188712
tx_id_3,1850,0.029869006476356198
tx_id_6,170,0.18881247171593324
tx_id_6,1370,0.2567247837553307
tx_id_0,1150,0.1819847842718001
tx_id_3,1330,0.3307746007316836
tx_id_2,310,0.8001862981541419
tx_id_2,420,0.2042117901524269
tx_id_6,1650,0.2604448045006171
tx_id_2,1580,0.06328740098186468
tx_id_1,190,0.09712459823278315
tx_id_0,650,0.506673927858827
tx_id_2,510,0.7663755848876441
tx_id_3,290,0.07085848069494002
tx_id_4,220,0.11267132794975887
tx_id_3,1400,0.23310483079691738
tx_id_2,20,0.7698642536188594
tx_id_6,890,0.17134091643860266
tx_id_0,580,0.08043128004458659
tx_id_3,1880,0.08973556052326791
tx_id_3,1690,0.021034229355007813
tx_id_2,1730,0.03739300324056252
tx_id_0,230,0.06384630485243196
tx_id_4,1780,0.22399370417213274
tx_id_0,430,0.11311374325467152
tx_id_2,1480,0.4390760798287094
tx_id_4,1370,0.16427334324851023
tx_id_1,1780,0.18097979879865092
tx_id_3,710,0.27914944211166504
tx_id_4,620,0.5465661244913576
tx_id_1,1080,0.6165178471724944
tx_id_5,1650,0.3125763776938387
tx_id_3,1050,0.17431210901513922
tx_id_1,310,0.8257182166481551
tx_id_2,1800,0.06334493199899816
tx_id_3,120,0.5048812028218225
tx_id_1,720,0.165226406357232
tx_id_3,150,0.45298691518042766
tx_id_6,580,0.313466479147004
tx_id_4,570,0.08174396276893772
tx_id_4,1050,0.2077084234802451
tx_id_4,1430,0.12924868637999937
tx_id_5,1690,0.024798584667804484
tx_id_5,1750,0.7913825729589987
tx_id_1,1650,0.2985950814866044
tx_id_3,1720,0.3068904555109981
tx_id_2,490,0.40400645811401587
tx_id_5,1700,0.4563779382703764
tx_id_5,460,0.36282069455889454
tx_id_2,1570,0.108852308108839
tx_id_3,500,0.33078040212727766
tx_id_6,1570,0.10167995248967769
tx_id_0,320,0.05819919280060969
tx_id_3,430,0.11314691446622777
tx_id_4,760,0.27265830464083246
tx_id_2,1640,0.3305788721221981
tx_id_0,810,0.11279063708079819
tx_id_2,1490,0.26910740925211835
tx_id_4,240,0.7479471625575483
tx_id_6,360,0.435234182895071
tx_id_5,200,0.32444268485591177
tx_id_4,80,0.07878085020471398
tx_id_4,1180,0.6128824134244578
tx_id_5,590,0.07931257288273862
tx_id_4,670,0.6941211795659519
tx_id_2,600,0.10631914695579407
tx_id_6,1850,0.13857424231511314
tx_id_1,970,0.2179260904071535
tx_id_1,1140,0.48814318317053085
tx_id_1,700,0.30818125401997426
tx_id_2,1280,0.33208745585763677
tx_id_3,310,0.7797100717938397
tx_id_4,1020,0.2695858221957672
tx_id_5,550,0.25493773468676895
tx_id_2,990,0.6285079632733579
tx_id_6,740,0.3230988011167693
tx_id_4,1580,0.06926704417899468
tx_id_3,380,0.17017786213345185
tx_id_1,320,0.06402712768917071
tx_id_6,1310,0.4026985137220037
tx_id_1,1420,0.03560734769227809
tx_id_0,860,0.0778827017508146
tx_id_0,1230,0.6525249538367083
tx_id_3,1640,0.3576549878025163
tx_id_1,1090,0.32458825785791456
tx_id_1,210,0.3280270219537477
tx_id_6,1750,0.7036659440335182
tx_id_3,210,0.3813074054723613
tx_id_1,540,0.1394894516997039
tx_id_1,1570,0.11807021236821258
tx_id_6,530,0.7252700029616741
tx_id_0,1280,0.3032860346702903
tx_id_5,640,0.39830977610850254
tx_id_6,1070,0.20794702622979183
tx_id_1,70,0.06309032972002762
tx_id_2,200,0.3098654668182016
tx_id_5,1120,0.2656361077704336
tx_id_4,1530,0.2082784533598076
tx_id_3,1480,0.4423823760706665
tx_id_5,1340,0.6260571925915358
tx_id_4,470,0.052597288735079836
tx_id_6,440,0.2964481876096425
tx_id_4,610,0.21214325683464721
tx_id_0,290,0.052688869502471904
tx_id_5,1250,0.44584003221154295
tx_id_5,370,0.7275797936229583
tx_id_4,90,0.19638752076152993
tx_id_5,1160,0.6961516374639354
tx_id_0,310,0.8068000241279821
tx_id_1,1500,0.36221905683098843
tx_id_1,1070,0.09572334938359565
tx_id_5,970,0.43585765513896585
tx_id_1,1630,0.18478097523853798
tx_id_2,550,0.2142664766263512
tx_id_0,700,0.31772627751740984
tx_id_4,370,0.7054844165358055
tx_id_1,760,0.21050042690387588
tx_id_6,1340,0.6215693191335391
tx_id_5,1790,0.30439253768927643
tx_id_1,1720,0.2418248788153365
tx_id_1,880,0.41518481768576687
tx_id_2,330,0.06603533804352635
tx_id_3,630,0.24233916810358708
tx_id_4,1420,0.03196497320723981
tx_id_3,60,0.11149225036238837
tx_id_0,480,0.07086049609302295
tx_id_0,1130,0.41839146797783344
tx_id_0,1550,0.6846771109922866
tx_id_1,1170,0.13241538165569217
tx_id_2,690,0.5734399638337617
tx_id_2,120,0.5171413790336413
tx_id_4,1310,0.5334224372901788
tx_id_3,690,0.6094254883797028
tx_id_5,1570,0.10334730405394729
tx_id_6,1780,0.26253760388901554
tx_id_6,30,0.5139721156220382
tx_id_1,440,0.18487882086163823
tx_id_1,90,0.1375556961338515
tx_id_6,700,0.5409414487751874
tx_id_4,1800,0.07947954664094055
tx_id_1,550,0.18077332949505984
tx_id_1,1230,0.6662288027123623
tx_id_0,1070,0.0829049674347681
tx_id_6,290,0.14891431030941035
tx_id_5,730,0.2126446724629519
tx_id_5,1010,0.4517124139085326
tx_id_5,1170,0.26107754903530617
tx_id_4,960,0.37779857354208557
tx_id_6,1220,0.1741864759118465
tx_id_1,290,0.07144757631238079
tx_id_3,320,0.09074015572452657
tx_id_6,860,0.12167108424647333
tx_id_1,930,0.5522635001226563
tx_id_4,680,0.8161063328357293
tx_id_4,60,0.12250991411037872
tx_id_2,1440,0.5471739538684609
tx_id_2,1030,0.33874118511350976
tx_id_5,900,0.20194183601496407
tx_id_1,1690,0.01965916993531129
tx_id_0,1680,0.36495308142454824
tx_id_5,1240,0.10178046441794235
tx_id_6,1250,0.4812907298780372
tx_id_1,580,0.09721793672383913
tx_id_6,1860,0.14429186110209938
tx_id_2,1160,0.5965196764456615
tx_id_3,1450,0.05770891579913812
tx_id_3,540,0.14790873710965366
tx_id_4,1190,0.6804318242276456
tx_id_0,1740,0.25013751246330834
tx_id_1,860,0.07919581542352454
tx_id_5,1600,0.061200015427744794
tx_id_1,1880,0.06114462056072403
tx_id_2,1750,0.7396435639859889
tx_id_0,540,0.14036532338432853
tx_id_5,170,0.16263437588631072
tx_id_4,1320,0.10490312953294188
tx_id_3,1030,0.35152802332024313
tx_id_0,560,0.11404194432614112
tx_id_4,110,0.06436564266516924
tx_id_4,510,0.7564963866379323
tx_id_0,1630,0.1841968745542189
tx_id_0,1090,0.30022487034983686
tx_id_2,160,0.2537268961797703
tx_id_3,1280,0.3035572828592501
tx_id_3,1010,0.42099251231591067
tx_id_2,1600,0.024937154266608808
tx_id_4,580,0.1628799456115529
tx_id_2,1540,0.13337675986155104
tx_id_6,1630,0.3806830733778237
tx_id_2,1700,0.2744575970283553
tx_id_6,1670,0.34181276930856475
tx_id_3,80,0.0761346552477635
tx_id_5,80,0.08572364907994483
tx_id_5,1530,0.296593797170035
tx_id_0,1700,0.11201592435294569
tx_id_6,380,0.15523677378166365
tx_id_1,1200,0.03412480735734877
tx_id_1,200,0.34874279401986247
tx_id_1,1740,0.24556807883121445
tx_id_0,1400,0.14234503857666939
tx_id_4,1560,0.28427804507388094
tx_id_2,270,0.0751511842898464
tx_id_1,100,0.046034066290758464
tx_id_2,750,0.40786169083738977
tx_id_1,1760,0.4840205602003733
tx_id_4,1010,0.3814770582637409
tx_id_0,100,0.04547562788926887
tx_id_0,1470,0.08305026018975609
tx_id_4,1590,0.35926232554219356
tx_id_4,1540,0.16065459752309771
tx_id_4,890,0.20697040596530883
tx_id_4,1740,0.3133430035074984
tx_id_3,1540,0.1430814453664731
tx_id_4,1770,0.04759217812478272
tx_id_6,1720,0.5022452924273363
tx_id_4,1440,0.6262725428841512
tx_id_3,830,0.04107192030966926
tx_id_0,1350,0.6910071725177749
tx_id_5,1560,0.3343465465353565
tx_id_2,570,0.08261534093578257
tx_id_3,30,0.4994898352843559
tx_id_6,540,0.15007714430027722
tx_id_5,1830,0.15897318419153075
tx_id_0,1580,0.05517246515258444
tx_id_2,1250,0.3399045204185278
tx_id_2,1650,0.3083711504385438
tx_id_6,130,0.25068864452029094
tx_id_1,1530,0.1313695512322108
tx_id_2,40,0.6393858082519378
tx_id_5,920,0.6430962469962412
tx_id_4,870,0.7010485377107969
tx_id_4,1490,0.39218608121319426
tx_id_3,140,0.3840121366640893
tx_id_0,960,0.2836327562068852
tx_id_5,320,0.16633233218061205
tx_id_5,680,0.8260380006677249
tx_id_2,1120,0.2957202058810296
tx_id_4,1290,0.3680882199448082
tx_id_0,1560,0.22571981532709495
tx_id_2,930,0.5266562968787831
tx_id_4,1080,0.8141172275610853
tx_id_4,1810,0.45959603977478486
tx_id_2,540,0.14323433026964674
tx_id_2,1000,0.2923803092229086
tx_id_6,930,0.475719130666323
tx_id_6,670,0.6841231098572674
tx_id_2,1150,0.22184419264563282
tx_id_6,1030,0.48937617832031666
tx_id_5,1360,0.14005107760738902
tx_id_1,1190,0.6326863830429434
tx_id_5,540,0.14649130356449444
tx_id_4,1250,0.4035941490039464
tx_id_5,1510,0.14241973553106255
tx_id_3,1130,0.39810437090535444
tx_id_3,670,0.6717933741029508
tx_id_3,550,0.21175235914193571
tx_id_5,570,0.07627419567046613
tx_id_0,1780,0.19656950723166963
tx_id_1,980,0.06729288430950156
tx_id_6,1410,0.29191849112491597
tx_id_5,1550,0.7526231666060367
tx_id_1,1050,0.15113360141355428
tx_id_1,1620,0.6773714623304534
tx_id_4,1470,0.14552323533060743
tx_id_5,1480,0.44744856830913243
tx_id_6,10,0.38886159410057114
tx_id_4,1820,0.29208836355289436
tx_id_0,880,0.44923945403686455
tx_id_4,1480,0.43757842724681767
tx_id_3,1120,0.27028060742231974
tx_id_6,1460,0.49335246735579474
tx_id_3,1770,0.03743860705781728
tx_id_6,1140,0.37041768123230545
tx_id_3,1790,0.2835130119034423
tx_id_3,1260,0.032434395048846446
tx_id_1,1010,0.4164599319738314
tx_id_1,960,0.29540900003546927
tx_id_3,940,0.4180684056409793
tx_id_6,1190,0.6797739377052904
tx_id_2,500,0.32053107115024054
tx_id_1,770,0.057523644162524194
tx_id_1,1380,0.2746091645911378
tx_id_1,1590,0.17058768031259683
tx_id_6,1440,0.7214526413655306
tx_id_0,590,0.0607759442683835
tx_id_6,50,0.23412453112950268
tx_id_6,1150,0.3432965430668365
tx_id_4,290,0.08800215019092664
tx_id_5,630,0.35852022215980217
tx_id_4,550,0.233615941617116
tx_id_3,160,0.2718859729874613
tx_id_1,1440,0.5316737160546328
tx_id_3,1090,0.4291357315316804
tx_id_6,430,0.12734992297558115
tx_id_2,1880,0.07039737055706712
tx_id_3,1150,0.21492283609728455
tx_id_3,350,0.31915958091225927
tx_id_2,370,0.6966609519647645
tx_id_2,320,0.08607586043712918
tx_id_4,400,0.12000023194321575
tx_id_4,30,0.5234479921247526
tx_id_1,1390,0.264838768146539
tx_id_2,830,0.0386173438659889
tx_id_1,1290,0.19309151265483365
tx_id_5,790,0.3341930067012749
tx_id_0,830,0.028868674069420567
tx_id_0,1290,0.18866594181633212
tx_id_6,210,0.5541670262031582
tx_id_5,480,0.1192786040105514
tx_id_0,1710,0.372383766524797
tx_id_5,420,0.32179740154916386
tx_id_1,710,0.2311073071899269
tx_id_6,1480,0.4546563943058027
tx_id_3,930,0.5175778428970784
tx_id_5,1450,0.10135351444061598
tx_id_4,1160,0.6601503149339653
tx_id_1,1430,0.08935726819844261
tx_id_1,1660,0.11383263609906231
tx_id_0,1380,0.26583399568840943
tx_id_2,30,0.5020664220814028
tx_id_1,1030,0.3037327515779078
tx_id_5,1320,0.12950544108014297
tx_id_3,530,0.6949207811853991
tx_id_0,1410,0.12653148374639142
tx_id_5,310,0.7029355397370567
tx_id_3,470,0.0524529235166004
tx_id_2,1560,0.24532616317631697
tx_id_0,1390,0.26029572507146004
tx_id_6,250,0.16926254341890437
tx_id_6,1290,0.5141344421051627
tx_id_1,350,0.36169311019780775
tx_id_2,1040,0.42447448865342313
tx_id_1,850,0.7468579674046107
tx_id_1,1340,0.6408084192198987
tx_id_4,900,0.18115441039406127
tx_id_1,1360,0.15838485267533542
tx_id_3,50,0.167475746211737
tx_id_2,1080,0.7109128714423466
tx_id_4,1660,0.0903720735981995
tx_id_6,1200,0.0841285846445869
tx_id_6,940,0.49963766215900396
tx_id_4,930,0.5823442765464387
tx_id_6,150,0.6249856666151329
tx_id_4,1600,0.04216922915556607
tx_id_4,530,0.702103853332741
tx_id_4,1610,0.2711229072011346
tx_id_6,1810,0.4818316552299058
tx_id_4,910,0.05353843644677258
tx_id_3,1340,0.6506743562375175
tx_id_3,240,0.7451764080968591
tx_id_6,750,0.7101449791062592
tx_id_3,230,0.10859523750107045
tx_id_3,1510,0.11282127437656862
tx_id_1,1320,0.0577560073671143
tx_id_6,400,0.10335987333218244
tx_id_4,150,0.5051112524623962
tx_id_5,230,0.18539437741228068
tx_id_5,820,0.5828240616102637
tx_id_2,730,0.1459472138434068
tx_id_0,390,0.3899399194850617
tx_id_0,300,0.7197471216191859
tx_id_1,530,0.6845395331375342
tx_id_3,1430,0.11602242427449255
tx_id_5,1820,0.3038550951781352
tx_id_0,1360,0.24668376290548447
tx_id_1,1210,0.8973017760306854
tx_id_6,270,0.09828642406280545
tx_id_5,1210,0.8224707530633482
tx_id_6,620,0.4777777518431996
tx_id_6,350,0.2033200426822539
tx_id_6,1790,0.32580443585640534
tx_id_2,1510,0.10651242291666903
tx_id_0,30,0.4656590129220831
tx_id_0,1110,0.4942515369097441
tx_id_6,110,0.08847065027439077
tx_id_6,70,0.07150681257786612
tx_id_6,450,0.2923387829667063
tx_id_5,560,0.17101941945885987
tx_id_5,1720,0.41537828072539473
tx_id_4,1500,0.41408056009092503
tx_id_1,1870,0.34396372427304084
tx_id_6,950,0.061487495417479804
tx_id_2,1360,0.21078973437035475
tx_id_1,1250,0.3101349336098371
tx_id_2,610,0.20125069806563187
tx_id_2,640,0.34311672206276966
tx_id_5,1270,0.3870988915885536
tx_id_1,1300,0.06213388117352959
tx_id_5,250,0.1299883816950409
tx_id_4,1390,0.30557237556691436
tx_id_0,50,0.14631948399512948
tx_id_0,1000,0.31455798398849516
tx_id_2,460,0.366586136904726
tx_id_4,180,0.4375128925795624
tx_id_5,410,0.08149080514444501
tx_id_3,300,0.6922232540381136
tx_id_3,1370,0.1345457395336189
tx_id_2,450,0.3212053835326974
tx_id_5,440,0.2787675979829229
tx_id_4,990,0.5890392967085182
tx_id_3,640,0.39170067135028724
tx_id_5,1350,0.6854153610868102
tx_id_4,1230,0.628982593952243
tx_id_1,380,0.16712406803579147
tx_id_3,610,0.1900106487836486
tx_id_5,1400,0.2173358482474463
tx_id_6,1390,0.35626264555528064
tx_id_4,1110,0.36819282686584054
tx_id_0,660,0.14609678996113504
tx_id_5,190,0.11820268617710282
tx_id_0,670,0.669632801338878
tx_id_2,1070,0.11214669751783565
tx_id_1,220,0.05622780178653588
tx_id_0,120,0.5648155543396445
tx_id_3,510,0.7776143325849735
tx_id_5,910,0.06927691318686076
tx_id_1,1100,0.03454479873515217
tx_id_2,1830,0.10953610791088558
tx_id_5,1070,0.15961135292633022
tx_id_4,1670,0.29242182189394544
tx_id_6,550,0.2855497854064612
tx_id_4,540,0.14473912895602895
tx_id_6,1540,0.1915231826215406
tx_id_3,1560,0.26482170005355593
tx_id_6,1210,0.7989221448189514
tx_id_4,0,0.2258132902839359
tx_id_6,560,0.18970736971762525
tx_id_6,720,0.3571429192782099
tx_id_5,1770,0.050947493308229376
tx_id_4,720,0.23076467813858556
tx_id_6,1020,0.20628617555978548
tx_id_1,1810,0.44744633212696006
tx_id_6,60,0.14607106765363442
tx_id_6,100,0.05825443000420648
tx_id_1,840,0.06861544567905618
tx_id_4,830,0.051707767772387433
tx_id_5,1380,0.4136603463499456
tx_id_1,1730,0.03809838777933179
tx_id_1,480,0.07450492525578374
tx_id_6,790,0.4049799591325321
tx_id_4,1850,0.05178844285994682
tx_id_0,20,0.7705910415089942
tx_id_0,60,0.10058636539798174
tx_id_1,1220,0.182664156740704
tx_id_3,1740,0.29415537455241614
tx_id_6,1710,0.47475993644090825
tx_id_1,260,0.27290886416480054
tx_id_5,880,0.3662418146144436
tx_id_0,270,0.0738070028853729
tx_id_6,1840,0.1625705547897282
tx_id_3,1570,0.1114586393935926
tx_id_3,270,0.07943124582680962
tx_id_3,840,0.07816581989410107
tx_id_3,990,0.6022000978872558
tx_id_1,670,0.6941642040743484
tx_id_0,250,0.060184240882329064
tx_id_1,1470,0.08788425360850076
tx_id_0,470,0.05006276806274523
tx_id_0,1060,0.39073485302194705
tx_id_5,340,0.04900982135869901
tx_id_0,550,0.18263393196041533
tx_id_6,660,0.15843215255581958
tx_id_1,240,0.7327895983687326
tx_id_0,1200,0.03333649336115383
tx_id_6,780,0.14125637323497742
tx_id_4,1750,0.7354469418554456
tx_id_0,720,0.16208277283181227
tx_id_4,880,0.37862270190240355
tx_id_0,450,0.3383344563251369
tx_id_5,1230,0.6539252264519814
tx_id_2,1450,0.06016095570586164
tx_id_6,340,0.0687099219798986
tx_id_3,1110,0.46417228993296916
tx_id_3,590,0.0700079663640734
tx_id_2,1550,0.7075312633016149
tx_id_2,870,0.6976205019830661
tx_id_3,760,0.24608035740360037
tx_id_5,1860,0.18205412065403254
tx_id_3,460,0.36809495285442617
tx_id_0,600,0.10212665989184656
tx_id_0,920,0.7439274459733635
tx_id_2,1740,0.2976526453721447
tx_id_1,50,0.158641249730298
tx_id_1,910,0.033256374382565776
tx_id_1,1700,0.12459381722501245
tx_id_2,1410,0.1583210804695574
tx_id_6,230,0.25970093269642924
tx_id_4,1340,0.6302343533275689
tx_id_0,1820,0.37442369457521585
tx_id_0,1100,0.03666118937666634
tx_id_6,1260,0.06648166268512112
tx_id_3,1550,0.7028550142529039
tx_id_1,150,0.38380276092893273
tx_id_5,1470,0.19640431418074955
tx_id_5,430,0.12614466950019484
tx_id_2,1670,0.28003961980837827
tx_id_4,310,0.7351317219706501
tx_id_3,1380,0.3098353171699039
tx_id_6,1280,0.3167544382785077
tx_id_4,520,0.06977581781259783
tx_id_0,1830,0.09359036318449598
tx_id_0,1370,0.0923888383970344
tx_id_6,1740,0.386220732313958
tx_id_0,800,0.15587348930385644
tx_id_5,1300,0.08102996383138243
tx_id_5,240,0.7195000452557678
tx_id_2,1630,0.21498509282014103
tx_id_3,170,0.1471960071056975
tx_id_2,1020,0.2959133042153776
tx_id_0,1650,0.3018733598497734
tx_id_1,590,0.07003340459361597
tx_id_1,1180,0.6570953182991508
tx_id_4,1760,0.4502343583716046
tx_id_3,220,0.08523177327282307
tx_id_1,1450,0.049023898986378635
tx_id_0,970,0.20951970353715957
tx_id_4,1840,0.11390114779023977
tx_id_3,1780,0.22388230701574985
tx_id_5,390,0.4555485859027534
tx_id_4,1680,0.4664566053688924
tx_id_4,820,0.4739918728750619
tx_id_6,480,0.1280877090384575
tx_id_5,510,0.7400457877351218
tx_id_6,640,0.41924608325545476
tx_id_1,1130,0.41400178204643984
tx_id_6,970,0.5143051255305504
tx_id_2,100,0.04940380836147616
tx_id_1,460,0.35406628769455956
tx_id_6,420,0.3745528728411845
tx_id_4,1130,0.3792478140567133
tx_id_1,1160,0.5316575970731663
tx_id_4,1860,0.2675289075440436
tx_id_5,1290,0.4315499929236525
tx_id_1,600,0.10134341233792862
tx_id_4,1700,0.3160375339529053
tx_id_4,1520,0.1995323676613942
tx_id_0,710,0.22901972729224968
tx_id_0,940,0.38020736216587625
tx_id_5,610,0.2850061034441221
tx_id_0,330,0.03933385162995601
tx_id_4,1830,0.14708854071713365
tx_id_2,700,0.3737841916943745
tx_id_2,670,0.6806883362347648
tx_id_5,620,0.5439683769422221
tx_id_3,1440,0.5832139364058586
tx_id_6,1350,0.7396002428948382
tx_id_0,770,0.04900619569585185
tx_id_0,840,0.06899230644756618
tx_id_5,840,0.08635522294529957
tx_id_0,820,0.425498582188603
tx_id_2,790,0.2367693626229008
tx_id_4,250,0.10780873670912641
tx_id_6,710,0.4622539635250419
tx_id_2,580,0.12459891266999738
tx_id_3,1470,0.11848946627074378
tx_id_6,520,0.12059199100988353
tx_id_2,260,0.22601651673038764
tx_id_6,1490,0.381647285862757
tx_id_3,1700,0.21740841143192804
tx_id_5,180,0.4558481786284118
tx_id_0,1040,0.39665833664402594
tx_id_3,420,0.2264009653298644
tx_id_3,870,0.7073880764129914
tx_id_5,290,0.11258431783902968
tx_id_0,620,0.5952612812258873
tx_id_1,920,0.7438581630547023
tx_id_4,460,0.32909487327643194
tx_id_1,490,0.37873404331490435
tx_id_1,340,0.0386338462970448
tx_id_0,1450,0.04557282816579353
tx_id_6,1010,0.4571206573950102
tx_id_1,1840,0.06459251992741798
tx_id_0,1180,0.6556957200437395
tx_id_5,400,0.10848836631131681
tx_id_1,610,0.16267559132463733
tx_id_6,1400,0.21970847924201062
tx_id_0,90,0.13238350570828822
tx_id_2,710,0.25778626652351405
tx_id_1,660,0.14391898044670715
tx_id_3,260,0.2199328911326708
tx_id_2,110,0.05259701055731275
tx_id_5,1030,0.4379634737074234
tx_id_5,1180,0.5739881166817409
tx_id_2,1790,0.2701580281092235
tx_id_2,820,0.4447306635014562
tx_id_6,850,0.7255218746100034
tx_id_0,1440,0.532004996112912
tx_id_2,1230,0.7048705687312392
tx_id_6,880,0.3566447873711593
tx_id_2,1610,0.1937179535693752
tx_id_0,1770,0.030632463396954804
tx_id_6,1420,0.033143985967416946
tx_id_3,1760,0.4696945617286953
tx_id_4,940,0.44255281790746936
tx_id_6,370,0.7315731621130447
tx_id_6,1820,0.26799504897860793
tx_id_0,70,0.062275285815319145
tx_id_3,1100,0.05159806030647088
tx_id_3,1000,0.3041660464543861
tx_id_5,860,0.1137466088945451
tx_id_1,1680,0.39217208296884126
tx_id_1,1400,0.14885589392878712
tx_id_4,1030,0.3809384640281284
tx_id_5,1710,0.439632097454317
tx_id_4,1690,0.026478367970266925
tx_id_1,690,0.5319650119076723
tx_id_6,1830,0.18291662689596455
tx_id_1,1830,0.09603561237252001
tx_id_5,20,0.7339715311579497
tx_id_3,1630,0.2409143959736809
tx_id_5,700,0.4734486872460465
tx_id_2,1470,0.1126625627009334
tx_id_5,520,0.09128951658224434
tx_id_4,420,0.2563569720005111
tx_id_4,1620,0.667624433458891
tx_id_6,1240,0.10405938360138225
tx_id_2,620,0.5827782930161204
tx_id_2,1530,0.1817209420526191
tx_id_4,1360,0.17828485064652738
tx_id_1,370,0.6789613199738218
tx_id_6,1500,0.4808483469430977
tx_id_1,390,0.21958499289274216
tx_id_6,140,0.423153592346417
tx_id_1,230,0.07245181690348172
tx_id_0,790,0.27081364831847116
tx_id_0,1480,0.42641363087326095
tx_id_3,1530,0.16643436815285811
tx_id_3,1040,0.43835728016937164
tx_id_5,810,0.07563740737747382
tx_id_4,1060,0.3727211557922052
tx_id_3,1490,0.2881584383095505
tx_id_0,1330,0.3096969476207736
tx_id_5,1460,0.5111032976198885
tx_id_2,300,0.7081397697126263
tx_id_4,600,0.10305496499891711
tx_id_2,1290,0.25988691364818517
tx_id_5,1050,0.26968148632632893
tx_id_2,1260,0.03381670520182302
tx_id_4,640,0.3881471577204383
tx_id_1,1580,0.05964883316637938
tx_id_2,80,0.07557622975183889
tx_id_0,0,0.14444629548289814
tx_id_1,1710,0.4360797125546119
tx_id_6,1170,0.3313711346492497
tx_id_2,970,0.2783655716526312
tx_id_6,0,0.3095768661871616
tx_id_5,40,0.6943758984003334
tx_id_4,1870,0.42810095725561004
tx_id_5,870,0.6962357587782282
tx_id_3,1870,0.37796398732986436
tx_id_0,1720,0.23762055298064513
tx_id_2,720,0.19438634563046545
tx_id_0,1250,0.3034720410405259
tx_id_4,210,0.4245263317279121
tx_id_2,1520,0.14012295138792533
tx_id_3,1460,0.5389979037027777
tx_id_0,900,0.13934550393557044
tx_id_6,1450,0.13540919373751673
tx_id_0,1810,0.39839301624744755
tx_id_5,660,0.16143379805729255
tx_id_2,360,0.402511451549807
tx_id_1,620,0.5495786121026289
tx_id_0,690,0.5270820100543662
tx_id_0,1310,0.506310013662474
tx_id_1,1110,0.505562790738615
tx_id_4,560,0.15124568704493474
tx_id_1,1370,0.09546180659528022
tx_id_6,1590,0.527652304871166
tx_id_5,210,0.45975493680167273
tx_id_2,1210,0.8642194777146539
tx_id_4,500,0.32736230622770796
tx_id_1,1750,0.7785819584521788
tx_id_2,1170,0.14982362792097517
tx_id_6,980,0.1363043097408969
tx_id_1,1490,0.2418765485318643
tx_id_2,430,0.10921833858541445
tx_id_0,1640,0.2981144934837801
tx_id_0,280,0.054010928644617755
tx_id_2,1380,0.29870414771802645
tx_id_1,40,0.6247343672680259
tx_id_4,140,0.39629232589019425
tx_id_5,70,0.07164862880957015
tx_id_0,1690,0.018844448629481574
tx_id_4,1090,0.4973071090947782
tx_id_3,850,0.7494283358451138
tx_id_0,1730,0.039330708051464984
tx_id_2,1400,0.1250841840324587
tx_id_6,990,0.5683224138623072
tx_id_6,1620,0.6272471521280643
tx_id_2,1130,0.39666511126994736
tx_id_0,730,0.11639894506510595
tx_id_5,1630,0.3352815617113024
tx_id_3,200,0.3212193705555625
tx_id_5,10,0.36536518910188176
tx_id_3,900,0.16222910431320686
tx_id_1,450,0.3290646335808006
tx_id_3,1650,0.28583089325748573
tx_id_1,250,0.06281887710714955
tx_id_0,1620,0.68657829947837
tx_id_0,1320,0.07239884302511197
tx_id_5,30,0.5006819046570254
tx_id_4,1380,0.334847517185407
tx_id_5,1430,0.16162992373710744
tx_id_0,1850,0.014765629529817229
tx_id_0,410,0.03897137095747989
tx_id_3,1250,0.354498162942592
tx_id_0,1080,0.5953251340394348
tx_id_0,380,0.1708014395314747
tx_id_3,10,0.3245543637002466
tx_id_4,320,0.12456173043032652
tx_id_5,1760,0.43173125456443434
tx_id_6,1380,0.4451163410397181
tx_id_2,1050,0.17714559971491706
tx_id_2,900,0.1536419994414637
tx_id_0,240,0.7620747605672721
tx_id_5,1440,0.6953169661574775
tx_id_4,860,0.09747537132891249
tx_id_4,1630,0.2530887157892142
tx_id_5,1740,0.3516819262447683
tx_id_1,1770,0.03295576606975903
tx_id_2,1270,0.30317112850838845
tx_id_6,300,0.6956990030421264
tx_id_2,50,0.1648331521724311
tx_id_3,1670,0.2553273452039124
tx_id_3,1500,0.3905025510061497
tx_id_2,760,0.25805675421575425
tx_id_1,750,0.3161958706825838
tx_id_5,1020,0.22763148943678901
tx_id_1,430,0.11340157844194802
tx_id_2,660,0.15549769961710663
tx_id_2,170,0.14635275611515577
tx_id_6,960,0.5102683265651808
tx_id_0,1760,0.4723527614124824
tx_id_0,180,0.40495296091694705
tx_id_6,260,0.15615997638555223
tx_id_6,830,0.08752212940931907
tx_id_5,530,0.7174503848077403
tx_id_4,1120,0.2515000429667684
tx_id_3,280,0.08532213926575337
tx_id_0,610,0.15672245497012163
tx_id_1,830,0.03197229107100407
tx_id_6,1700,0.6211501492660437
tx_id_6,1090,0.723604885165819
tx_id_1,890,0.2336987059490182
tx_id_5,850,0.7632254056686654
tx_id_3,1270,0.3498169235064708
tx_id_1,1790,0.2670851309479974
tx_id_6,840,0.09780175062059093
tx_id_0,360,0.4256861378674365
tx_id_3,1680,0.42885784036724345
tx_id_5,580,0.20432846772144922
tx_id_3,950,0.04226469838616223
tx_id_5,1490,0.34540950169905604
tx_id_4,1880,0.1058439244284995
tx_id_2,1690,0.01997270985191658
tx_id_5,1130,0.3395972890803543
tx_id_3,1210,0.876995317699206
tx_id_3,1710,0.4045222826414925
tx_id_1,20,0.77283856543172
tx_id_2,780,0.08159222473389038
tx_id_2,150,0.4380137505810264
tx_id_3,1080,0.743018713460043
tx_id_4,40,0.647058278518566
tx_id_6,1680,0.5667595012938934
tx_id_3,1610,0.19944053341261034
tx_id_2,410,0.0496451040258158
tx_id_1,1860,0.34846518004813026
tx_id_2,340,0.041528898625153146
tx_id_0,740,0.09750382024651753
tx_id_6,1050,0.2792121586892462
tx_id_5,960,0.4415503050983304
tx_id_2,1220,0.1807807210591855
tx_id_4,690,0.6177813064418729
tx_id_5,380,0.15736340179869301
tx_id_3,490,0.3908576325434009
tx_id_0,1140,0.4817422643264293
tx_id_2,390,0.46193929943621426
tx_id_3,340,0.04374515970915636
tx_id_3,370,0.6749084395464144
tx_id_5,780,0.11815178334898001
tx_id_0,890,0.24382228215761248
tx_id_4,920,0.6913955591614115
tx_id_5,650,0.68784292588571
tx_id_6,1320,0.14883004027866312
tx_id_3,1860,0.24609281539664293
tx_id_2,1200,0.0430851384595854
tx_id_5,1040,0.37000441504072273
tx_id_5,1100,0.08079492285601583
tx_id_5,1080,0.8550614288531567
tx_id_0,110,0.04335970391513951
tx_id_2,180,0.412341115566817
tx_id_4,1650,0.27904639077154514
tx_id_2,1770,0.03680821058355629
tx_id_0,420,0.16431634928524172
tx_id_4,850,0.7025629344603292
tx_id_0,1670,0.2536502429937924
tx_id_2,380,0.16549775455205676
tx_id_3,90,0.1654588690241494
tx_id_4,780,0.09957155920286287
tx_id_1,780,0.07825474859295209
tx_id_5,450,0.31325027537091865
tx_id_2,480,0.0770753687728575
tx_id_3,1230,0.6464521333211845
tx_id_2,1660,0.08343209669448712
tx_id_6,1060,0.3773246879750944
tx_id_3,1070,0.1037826074606748
tx_id_3,1220,0.18258306411013195
tx_id_6,330,0.22493266343394525
tx_id_4,950,0.05109743829303061
tx_id_6,1610,0.47418192714699486
tx_id_0,1590,0.19212689448892742
tx_id_5,1390,0.3595299716064339
tx_id_1,680,0.7767010528956313
tx_id_5,890,0.2122737979677778
tx_id_1,1460,0.5808467814866815
tx_id_6,1100,0.10995029987678923
tx_id_0,150,0.40390712505284754
tx_id_2,1370,0.12441589985789517
tx_id_1,1350,0.6980179842092556
tx_id_4,120,0.5151666176817162
tx_id_3,400,0.1237224815701613
tx_id_6,310,0.6566990379881877
tx_id_5,220,0.170816453232912
tx_id_4,1450,0.07978521548838396
tx_id_1,330,0.047628325320889266
tx_id_0,1790,0.24690508719897955
tx_id_5,0,0.2604251605278477
tx_id_0,990,0.5918404364954606
tx_id_4,800,0.2591388067364848
tx_id_4,10,0.3596696850940642
tx_id_2,1430,0.10260267430957841
tx_id_4,50,0.18285540887083457
tx_id_0,220,0.05360154770850876
tx_id_1,1670,0.24020296388714962
tx_id_3,1660,0.0855122769337536
tx_id_5,1540,0.17456409347006688
tx_id_6,920,0.6224125807173687
tx_id_3,440,0.21374390428502565
tx_id_6,1880,0.18727620709853707
tx_id_1,1510,0.1012379274275032
tx_id_2,530,0.6953798460933533
tx_id_6,1530,0.37767911597226306
tx_id_1,280,0.03762620648038287
tx_id_4,1550,0.713700123688455
tx_id_1,140,0.3580730144053542
tx_id_5,1220,0.18432954577346974
tx_id_5,1330,0.361674427387813
tx_id_0,930,0.5478267997274016
tx_id_5,330,0.1998403713597485
tx_id_0,680,0.7729441395766624
tx_id_6,220,0.24058854677453265
tx_id_1,950,0.041688956014200494
tx_id_3,1290,0.2677975798934769
tx_id_0,850,0.746775299405986
tx_id_2,560,0.16135035997121244
tx_id_5,280,0.09386890058225983
tx_id_0,1530,0.12281490091749693
tx_id_0,750,0.31278753889108674
tx_id_6,160,0.43739950361663665
tx_id_6,1870,0.46081687296608836
tx_id_4,330,0.11522947446898757
tx_id_3,130,0.14022037555396277
tx_id_2,680,0.7691293171350135
tx_id_3,1360,0.19738435874285556
tx_id_0,1880,0.061300042948587576
tx_id_1,820,0.4188138015688432
tx_id_5,1680,0.5143459403559779
tx_id_4,1280,0.31372867180284747
tx_id_1,470,0.05220569710705039
tx_id_2,1090,0.4015473145574135
tx_id_6,1430,0.18410564458334197
tx_id_2,1810,0.35808428546826093
tx_id_0,1170,0.11399960975543291
tx_id_3,700,0.3968056930232198
tx_id_6,570,0.07394740579884874
tx_id_4,450,0.31462934618285693
tx_id_3,1830,0.12394939232545857
tx_id_2,1340,0.6799515408293374
tx_id_3,660,0.14407214321171785
tx_id_5,940,0.47478647478629576
tx_id_6,1770,0.061842031866962265
tx_id_4,1510,0.12545640683774872
tx_id_6,650,0.7408488325674762
tx_id_0,1260,0.02662616342253867
tx_id_4,340,0.05026025925396979
tx_id_4,730,0.16519214794939088
tx_id_0,1160,0.5354048835605413
tx_id_2,950,0.04552694704382514
tx_id_3,1730,0.04912361098826713
tx_id_5,1730,0.0565590641231639
tx_id_5,50,0.20742498747988372
tx_id_0,570,0.08492802444721824
tx_id_3,360,0.42231258557808016
tx_id_4,300,0.7115069596414718
tx_id_4,740,0.19706395913531982
tx_id_0,1190,0.6283291036471745
tx_id_3,890,0.2236173735758273
tx_id_6,1800,0.09869435492167576
tx_id_3,1020,0.30037900154730335
tx_id_0,1050,0.1453010330002311
tx_id_3,680,0.796519102455974
tx_id_1,1800,0.06198155999052881
tx_id_1,790,0.29702750151473317
tx_id_3,880,0.43220909470600216
tx_id_4,630,0.281888370459271
tx_id_4,1790,0.30410138416487603
tx_id_4,660,0.1537913408222673
tx_id_4,1100,0.07262065831454746
tx_id_0,460,0.3594247687222741
tx_id_1,1600,0.01744595342992003
tx_id_6,80,0.08712030366120092
tx_id_4,1200,0.05297603939961896
tx_id_4,170,0.1573990624749684
tx_id_1,60,0.10146289921217898
tx_id_0,1020,0.3386649748688398
tx_id_0,40,0.6519147120893197
tx_id_3,520,0.05314778314181397
tx_id_3,40,0.6445423198207899
tx_id_0,520,0.0396528128890579
tx_id_1,740,0.10747393635026599
tx_id_6,730,0.24478396489429005
tx_id_2,650,0.5694534041621597
tx_id_5,1580,0.07828383624161256
tx_id_4,260,0.2268444013955357
tx_id_4,810,0.0896056487314365
tx_id_6,470,0.056700514016313236
tx_id_3,1240,0.10519552643621287
tx_id_1,1150,0.19077389026441696
tx_id_1,1520,0.10822657128234085
tx_id_5,980,0.13800359244398294
tx_id_1,1240,0.10610646059508938
tx_id_0,1490,0.23784165509045194
tx_id_0,1240,0.10820665040184907
tx_id_6,410,0.0998908886832856
tx_id_3,70,0.06666374130732707
tx_id_3,1300,0.06562942398920511
tx_id_3,970,0.2806587052984611
tx_id_0,500,0.29713136109862737
tx_id_5,950,0.055754848384462576
tx_id_5,130,0.21256557667426876
tx_id_3,1590,0.24216394698660212
tx_id_4,430,0.11973066242822497
tx_id_4,770,0.13749692253973983
tx_id_1,1640,0.3092712996194725
tx_id_6,1360,0.12772364949515047
tx_id_0,1420,0.030349606805249608
tx_id_2,920,0.7129078188629226
tx_id_4,1260,0.03756128266411066
tx_id_5,260,0.17577252149749822
tx_id_3,860,0.09234149494586155
tx_id_2,210,0.37102149737019086
tx_id_5,600,0.10063374932436389
tx_id_2,1330,0.326606240250542
tx_id_6,1510,0.16290355309143534
tx_id_1,1310,0.5083985478249073
tx_id_0,190,0.09906902625890755
tx_id_3,1170,0.16115422721472553
tx_id_0,350,0.3819199319281338
tx_id_4,1460,0.5244220912186572
tx_id_4,710,0.3489948176244239
tx_id_6,510,0.7319802470908482
tx_id_2,290,0.07891530870465226
tx_id_4,1640,0.37696152716984505
tx_id_2,1590,0.27063797518218363
tx_id_4,20,0.7551711525148352
tx_id_1,560,0.12004062929790695
tx_id_4,280,0.07523415655927186
tx_id_2,1110,0.456846576672783
tx_id_0,1540,0.1217276043403524
tx_id_5,160,0.3516156587746004
tx_id_4,970,0.3458615480198008
tx_id_3,580,0.126019149301287
tx_id_3,1180,0.6108431029897243
tx_id_3,20,0.7705171487189021
tx_id_6,1270,0.4263566871824483
tx_id_0,170,0.1329935269633713
tx_id_0,1270,0.3069223621885979
tx_id_4,1710,0.42736437992074566
tx_id_5,350,0.24280713087346367
tx_id_6,1640,0.47660202072053803
tx_id_1,10,0.2976517867768883
tx_id_5,470,0.054234024353604825
tx_id_6,1580,0.09057046787646011
tx_id_3,390,0.39716886047708755
tx_id_0,1800,0.05941721543321447
tx_id_1,1120,0.2768990763080628
tx_id_2,1180,0.6080923490582668
tx_id_6,90,0.30764626259627287
tx_id_5,1520,0.23579236793743452
tx_id_2,1390,0.28467151780012767
tx_id_2,980,0.08024423382117316
tx_id_0,1570,0.11297968842954202
tx_id_0,160,0.20970987850724113
tx_id_2,1680,0.4067350358195295
tx_id_3,910,0.042278034691712256
tx_id_5,1420,0.03573625348808559
tx_id_5,740,0.2336359047661366
tx_id_5,1660,0.07799176786082483
tx_id_5,140,0.41304849617632644
tx_id_6,1120,0.2477989419173424
tx_id_1,940,0.389704867122136
tx_id_4,410,0.056155147119766435
tx_id_1,360,0.4242837914533193
tx_id_0,260,0.23499626263816803
tx_id_2,590,0.06820899220082469
tx_id_6,1520,0.29053430782497625
tx_id_1,400,0.13620873036858308
tx_id_0,370,0.6871365907729324
tx_id_3,1820,0.36444917981742636
tx_id_5,1000,0.2745057362962975
tx_id_2,910,0.04524366797689349
tx_id_5,1870,0.436820168971329
tx_id_6,1660,0.0653741186290873
tx_id_3,1200,0.039132514378662484
tx_id_6,820,0.6308870766619931
tx_id_3,720,0.20221241176303614
tx_id_6,120,0.4329818834908667
tx_id_5,1620,0.6724949679176994
tx_id_6,680,0.8436798992754726
tx_id_4,440,0.23991227192970155
tx_id_0,1600,0.017323858871976017
tx_id_5,110,0.07572088240044074
tx_id_4,650,0.636067859089774
tx_id_5,1800,0.09295128772323377
tx_id_4,1210,0.8576767447149104
tx_id_4,1570,0.1213026701684368
tx_id_0,1520,0.11451658504521249
tx_id_6,770,0.3321275110367495
tx_id_2,1310,0.46052921620615744
tx_id_5,1670,0.3378157770867686
tx_id_0,1030,0.29064852641514394
tx_id_3,190,0.10701761499357439
tx_id_6,390,0.4858446228257509
tx_id_0,530,0.6813672155258965
tx_id_0,1510,0.09522007027426109
tx_id_2,250,0.07909946284777766
tx_id_1,180,0.4192619915113131
tx_id_6,1180,0.5324205321397307
tx_id_0,80,0.0725350549925695
tx_id_5,690,0.6540505392311579
tx_id_5,1150,0.29380307041476417
tx_id_2,740,0.13667052140843647
tx_id_1,640,0.3552889287895373
tx_id_4,1400,0.23124867474116118
tx_id_6,240,0.6780512647440762
tx_id_4,1240,0.10542012440545238
tx_id_6,1160,0.7455469564432181
tx_id_3,560,0.12743995596254645
tx_id_1,1560,0.21801268279108638
tx_id_6,40,0.7086427449185645
tx_id_1,730,0.11223898758005002
tx_id_0,1500,0.3524000072531352
tx_id_2,940,0.40388656282503993
tx_id_3,730,0.16368393100794731
tx_id_6,1760,0.42608406964841306
tx_id_6,1130,0.35142030292794063
tx_id_2,1720,0.32419578129728277
tx_id_4,1720,0.33987434809577566
tx_id_2,1100,0.046231006471102176
tx_id_6,610,0.3483348556112153
tx_id_0,1460,0.5592178860135305
tx_id_2,240,0.7555876595912383
tx_id_5,90,0.2562684226525499
tx_id_6,1080,0.9031856922280105
tx_id_3,920,0.6991353527173185
tx_id_2,850,0.742925171509399
tx_id_0,1860,0.3109700740737483
tx_id_3,410,0.051634303690594345
tx_id_0,1430,0.09221780737949949
tx_id_3,1840,0.08147876293291499
tx_id_5,360,0.43924063394654644
tx_id_1,80,0.07328625758085154
tx_id_4,1270,0.37441701043127934
tx_id_1,900,0.13911035089311305
tx_id_1,1040,0.40265833244728616
tx_id_6,690,0.7038778485625149
tx_id_2,220,0.07769110131909852
tx_id_0,1220,0.18078604219183222
tx_id_1,130,0.12080958268913762
tx_id_4,790,0.30581294638929524
tx_id_1,570,0.08479588802071228
tx_id_6,1230,0.6763281192441255
tx_id_6,1110,0.41229732783754647
tx_id_6,190,0.12187279626407464
tx_id_2,60,0.10904489717102749
tx_id_4,980,0.08921832405465793
tx_id_1,300,0.7018287895815002
tx_id_3,740,0.13506233336323303
tx_id_0,10,0.2732913585722615
tx_id_0,1120,0.27624167516576914
tx_id_3,1310,0.5546995335655063
tx_id_6,1300,0.09611706115130784
tx_id_5,60,0.1468114193643372
tx_id_6,320,0.2407263067152097
tx_id_6,590,0.09546479392319027
tx_id_2,630,0.24095664119486943
tx_id_6,20,0.7247800372432558
tx_id_3,960,0.3446276006718045
tx_id_6,760,0.3388893552114271
tx_id_1,1280,0.30359535503876467
tx_id_3,810,0.09495636901168089
tx_id_3,1420,0.028138598885075746
tx_id_5,270,0.08967636266161427
tx_id_3,600,0.10875526080551667
tx_id_3,650,0.5830099790322597
tx_id_6,1560,0.3627853661305213
tx_id_6,870,0.6971559255829668
tx_id_4,390,0.4498317096375531
tx_id_3,780,0.0982423044489382
tx_id_5,670,0.6844424127029731
tx_id_2,1780,0.24500222378999645
tx_id_3,1140,0.4195204749372056
tx_id_3,100,0.050077380315895675
tx_id_5,1640,0.4214007183955043
tx_id_6,490,0.46000175333901666
tx_id_2,1460,0.5211952342478567
tx_id_5,1140,0.3210471233739203
tx_id_2,1620,0.683073411146299
tx_id_3,1810,0.48012335962447794
tx_id_6,900,0.23170217428149362
tx_id_2,1060,0.39395594847240967
tx_id_0,950,0.04200354275950706
tx_id_5,750,0.6047206400296135
tx_id_2,1850,0.04130045327562642
tx_id_3,1750,0.7643389785200975
tx_id_4,1070,0.13613710193721168
tx_id_4,1350,0.7120249271573467
tx_id_5,930,0.49244240936437905
tx_id_1,170,0.13649222370037442
tx_id_2,140,0.38556913620403516
tx_id_4,380,0.16720557072765832
tx_id_4,1140,0.4217750444080732
tx_id_2,190,0.10625989113594911
tx_id_4,100,0.051531788362059947
tx_id_6,800,0.3914314447721366
tx_id_5,830,0.06724932207281416
tx_id_3,750,0.42075812747182484
tx_id_3,450,0.3250455882678392
tx_id_5,150,0.5691354040586432
tx_id_3,1580,0.06429491668295077
tx_id_3,1160,0.5835580118910229
tx_id_0,980,0.06455151906705853
tx_id_4,480,0.09446509397519211
tx_id_2,280,0.04885770008912963
tx_id_2,1240,0.10351314097656122
tx_id_5,1260,0.05316098930037243
tx_id_5,1110,0.45220175413780694
tx_id_4,1730,0.05280146616481522
tx_id_4,230,0.13993656374974356
tx_id_1,110,0.04574012846272957
tx_id_0,1340,0.6384964024909947
tx_id_5,1060,0.37023388663418333
tx_id_0,400,0.1365651338631868
tx_id_5,720,0.3072626930041022
tx_id_1,410,0.04222956248828592
tx_id_2,0,0.19065071098996447
tx_id_1,990,0.5865046124642153
tx_id_2,400,0.11916824293982932
tx_id_2,130,0.1360398966323725
tx_id_3,250,0.08235036939437142
tx_id_6,280,0.11197992813291002
tx_id_5,1410,0.24378013911591834
tx_id_3,800,0.19367977699500313
tx_id_6,180,0.4767767576904039
tx_id_2,1420,0.030733477192855543
tx_id_0,640,0.3601287429978037
tx_id_0,140,0.35894529224217425
tx_id_6,460,0.361269885271631
tx_id_5,1190,0.657961401904128
tx_id_2,1140,0.4484736592435041
tx_id_2,10,0.3120537397456067
tx_id_0,1870,0.3778986575983145
tx_id_4,70,0.06891370437659192
tx_id_1,270,0.06929128863319572
tx_id_4,350,0.29466130544031666
tx_id_5,1310,0.4240636549311705
tx_id_4,1220,0.16744640794323087
tx_id_1,1480,0.42800485961750645
tx_id_3,1520,0.16404960886354908
tx_id_1,1060,0.3881342347999788
tx_id_5,710,0.40022257458155097
tx_id_2,770,0.09474697836852397
tx_id_4,590,0.07526773844397107
tx_id_1,800,0.1539483621178909
tx_id_5,500,0.39417468104195175
tx_id_1,120,0.5464701299619241
tx_id_0,1610,0.14104162469312967
tx_id_3,1620,0.6867831963644238
tx_id_2,230,0.0996409502764837
tx_id_3,1350,0.7013474937187308
tx_id_5,1840,0.12384903027005265
tx_id_2,1870,0.30640908370047126
tx_id_5,760,0.298665626321096
tx_id_5,800,0.33020641548759583
tx_id_5,1590,0.41739192647025647
tx_id_1,160,0.22428747543146627
tx_id_0,340,0.035175002271864875
tx_id_4,190,0.11251721420267292
tx_id_2,1300,0.065131901093874
tx_id_6,1690,0.027909599954845717
tx_id_0,910,0.03167890038758033
tx_id_4,1410,0.18768680839662114
tx_id_2,1860,0.2622533660675097
tx_id_4,200,0.3416024429700491
tx_id_1,520,0.0391491414511758
tx_id_0,130,0.12300066960899848
tx_id_1,1260,0.02786450812974051
tx_id_3,330,0.07708154333810749
tx_id_2,90,0.15937878110114298
tx_id_0,1660,0.10936714217818116
tx_id_4,840,0.0819346713996194
tx_id_0,200,0.357309260318553
tx_id_3,790,0.2787242469708623
tx_id_6,200,0.257842346517251
tx_id_4,750,0.5129369449909643
tx_id_6,1330,0.3760417062602023
tx_id_2,1840,0.0850136384550737
tx_id_6,1550,0.7568427276140436
tx_id_3,1190,0.651468244812278
tx_id_5,120,0.48346676850554676
tx_id_1,0,0.16289296837011247
tx_id_5,300,0.7031351528331355
tx_id_3,1320,0.08172007124063874
tx_id_2,1320,0.08288541979209059
tx_id_5,1370,0.2001303842654185
tx_id_2,960,0.3423360213377271
tx_id_4,1000,0.29000669809842294
tx_id_3,1800,0.06694302232188493
tx_id_1,630,0.21019691901161267
tx_id_0,210,0.32160272627709335
tx_id_2,810,0.09275209339350185
tx_id_6,500,0.4132463395799108
tx_id_1,870,0.687480170839908
tx_id_5,100,0.056145253277418095
tx_id_6,810,0.06969070274431911
tx_id_2,70,0.06692691173674006
tx_id_4,490,0.41532113797375775
tx_id_1,1540,0.11927411957981733
tx_id_4,130,0.1713306942788875
tx_id_0,1300,0.05967352333142298
tx_id_4,1150,0.26002495710296997
tx_id_5,1780,0.23312674106955017
tx_id_0,870,0.6941722214320004
tx_id_1,1410,0.12895894166954838
tx_id_6,1040,0.5265784412328237
tx_id_2,880,0.41821084069569825
tx_id_0,1210,0.8966348066376119
tx_id_5,990,0.5656460159700235
tx_id_5,1500,0.4572975607942561
tx_id_5,1850,0.07298841410182988
tx_id_6,1600,0.08998937251858116
tx_id_4,1040,0.4662806747659512
tx_id_5,1810,0.4515801341532826
